[{"name":"nodejs","version":"0.2.0","date":"2011-08-26","lts":false,"security":false},{"name":"nodejs","version":"0.3.0","date":"2011-08-26","lts":false,"security":false},{"name":"nodejs","version":"0.4.0","date":"2011-08-26","lts":false,"security":false},{"name":"nodejs","version":"0.5.0","date":"2011-08-26","lts":false,"security":false},{"name":"nodejs","version":"0.6.0","date":"2011-11-04","lts":false,"security":false},{"name":"nodejs","version":"0.7.0","date":"2012-01-17","lts":false,"security":false},{"name":"nodejs","version":"0.8.0","date":"2012-06-22","lts":false,"security":false},{"name":"nodejs","version":"0.9.0","date":"2012-07-20","lts":false,"security":false},{"name":"nodejs","version":"0.10.0","date":"2013-03-11","lts":false,"security":false},{"name":"nodejs","version":"0.11.0","date":"2013-03-28","lts":false,"security":false},{"name":"nodejs","version":"0.12.0","date":"2015-02-06","lts":false,"security":false},{"name":"nodejs","version":"4.0.0","date":"2015-09-08","lts":false,"security":false},{"name":"nodejs","version":"4.1.0","date":"2015-09-17","lts":false,"security":false},{"name":"nodejs","version":"4.2.0","date":"2015-10-12","lts":"Argon","security":false},{"name":"nodejs","version":"4.3.0","date":"2016-02-09","lts":"Argon","security":false},{"name":"nodejs","version":"4.4.0","date":"2016-03-08","lts":"Argon","security":false},{"name":"nodejs","version":"4.5.0","date":"2016-08-16","lts":"Argon","security":false},{"name":"nodejs","version":"4.6.0","date":"2016-09-27","lts":"Argon","security":true},{"name":"nodejs","version":"4.7.0","date":"2016-12-06","lts":"Argon","security":false},{"name":"nodejs","version":"4.8.0","date":"2017-02-21","lts":"Argon","security":false},{"name":"nodejs","version":"4.9.0","date":"2018-03-28","lts":"Argon","security":true},{"name":"nodejs","version":"5.0.0","date":"2015-10-29","lts":false,"security":false},{"name":"nodejs","version":"5.1.0","date":"2015-11-17","lts":false,"security":false},{"name":"nodejs","version":"5.2.0","date":"2015-12-09","lts":false,"security":false},{"name":"nodejs","version":"5.3.0","date":"2015-12-15","lts":false,"security":false},{"name":"nodejs","version":"5.4.0","date":"2016-01-06","lts":false,"security":false},{"name":"nodejs","version":"5.5.0","date":"2016-01-21","lts":false,"security":false},{"name":"nodejs","version":"5.6.0","date":"2016-02-09","lts":false,"security":false},{"name":"nodejs","version":"5.7.0","date":"2016-02-23","lts":false,"security":false},{"name":"nodejs","version":"5.8.0","date":"2016-03-09","lts":false,"security":false},{"name":"nodejs","version":"5.9.0","date":"2016-03-16","lts":false,"security":false},{"name":"nodejs","version":"5.10.0","date":"2016-04-01","lts":false,"security":false},{"name":"nodejs","version":"5.11.0","date":"2016-04-21","lts":false,"security":false},{"name":"nodejs","version":"5.12.0","date":"2016-06-23","lts":false,"security":false},{"name":"nodejs","version":"6.0.0","date":"2016-04-26","lts":false,"security":false},{"name":"nodejs","version":"6.1.0","date":"2016-05-05","lts":false,"security":false},{"name":"nodejs","version":"6.2.0","date":"2016-05-17","lts":false,"security":false},{"name":"nodejs","version":"6.3.0","date":"2016-07-06","lts":false,"security":false},{"name":"nodejs","version":"6.4.0","date":"2016-08-12","lts":false,"security":false},{"name":"nodejs","version":"6.5.0","date":"2016-08-26","lts":false,"security":false},{"name":"nodejs","version":"6.6.0","date":"2016-09-14","lts":false,"security":false},{"name":"nodejs","version":"6.7.0","date":"2016-09-27","lts":false,"security":true},{"name":"nodejs","version":"6.8.0","date":"2016-10-12","lts":false,"security":false},{"name":"nodejs","version":"6.9.0","date":"2016-10-18","lts":"Boron","security":false},{"name":"nodejs","version":"6.10.0","date":"2017-02-21","lts":"Boron","security":false},{"name":"nodejs","version":"6.11.0","date":"2017-06-06","lts":"Boron","security":false},{"name":"nodejs","version":"6.12.0","date":"2017-11-06","lts":"Boron","security":false},{"name":"nodejs","version":"6.13.0","date":"2018-02-10","lts":"Boron","security":false},{"name":"nodejs","version":"6.14.0","date":"2018-03-28","lts":"Boron","security":true},{"name":"nodejs","version":"6.15.0","date":"2018-11-27","lts":"Boron","security":true},{"name":"nodejs","version":"6.16.0","date":"2018-12-26","lts":"Boron","security":false},{"name":"nodejs","version":"6.17.0","date":"2019-02-28","lts":"Boron","security":true},{"name":"nodejs","version":"7.0.0","date":"2016-10-25","lts":false,"security":false},{"name":"nodejs","version":"7.1.0","date":"2016-11-08","lts":false,"security":false},{"name":"nodejs","version":"7.2.0","date":"2016-11-22","lts":false,"security":false},{"name":"nodejs","version":"7.3.0","date":"2016-12-20","lts":false,"security":false},{"name":"nodejs","version":"7.4.0","date":"2017-01-04","lts":false,"security":false},{"name":"nodejs","version":"7.5.0","date":"2017-01-31","lts":false,"security":false},{"name":"nodejs","version":"7.6.0","date":"2017-02-21","lts":false,"security":false},{"name":"nodejs","version":"7.7.0","date":"2017-02-28","lts":false,"security":false},{"name":"nodejs","version":"7.8.0","date":"2017-03-29","lts":false,"security":false},{"name":"nodejs","version":"7.9.0","date":"2017-04-11","lts":false,"security":false},{"name":"nodejs","version":"7.10.0","date":"2017-05-02","lts":false,"security":false},{"name":"nodejs","version":"8.0.0","date":"2017-05-30","lts":false,"security":false},{"name":"nodejs","version":"8.1.0","date":"2017-06-08","lts":false,"security":false},{"name":"nodejs","version":"8.2.0","date":"2017-07-19","lts":false,"security":false},{"name":"nodejs","version":"8.3.0","date":"2017-08-08","lts":false,"security":false},{"name":"nodejs","version":"8.4.0","date":"2017-08-15","lts":false,"security":false},{"name":"nodejs","version":"8.5.0","date":"2017-09-12","lts":false,"security":false},{"name":"nodejs","version":"8.6.0","date":"2017-09-26","lts":false,"security":false},{"name":"nodejs","version":"8.7.0","date":"2017-10-11","lts":false,"security":false},{"name":"nodejs","version":"8.8.0","date":"2017-10-24","lts":false,"security":false},{"name":"nodejs","version":"8.9.0","date":"2017-10-31","lts":"Carbon","security":false},{"name":"nodejs","version":"8.10.0","date":"2018-03-06","lts":"Carbon","security":false},{"name":"nodejs","version":"8.11.0","date":"2018-03-28","lts":"Carbon","security":true},{"name":"nodejs","version":"8.12.0","date":"2018-09-10","lts":"Carbon","security":false},{"name":"nodejs","version":"8.13.0","date":"2018-11-20","lts":"Carbon","security":false},{"name":"nodejs","version":"8.14.0","date":"2018-11-27","lts":"Carbon","security":true},{"name":"nodejs","version":"8.15.0","date":"2018-12-26","lts":"Carbon","security":false},{"name":"nodejs","version":"8.16.0","date":"2019-04-16","lts":"Carbon","security":false},{"name":"nodejs","version":"8.17.0","date":"2019-12-17","lts":"Carbon","security":true},{"name":"nodejs","version":"9.0.0","date":"2017-10-31","lts":false,"security":false},{"name":"nodejs","version":"9.1.0","date":"2017-11-07","lts":false,"security":false},{"name":"nodejs","version":"9.2.0","date":"2017-11-14","lts":false,"security":false},{"name":"nodejs","version":"9.3.0","date":"2017-12-12","lts":false,"security":false},{"name":"nodejs","version":"9.4.0","date":"2018-01-10","lts":false,"security":false},{"name":"nodejs","version":"9.5.0","date":"2018-01-31","lts":false,"security":false},{"name":"nodejs","version":"9.6.0","date":"2018-02-21","lts":false,"security":false},{"name":"nodejs","version":"9.7.0","date":"2018-03-01","lts":false,"security":false},{"name":"nodejs","version":"9.8.0","date":"2018-03-07","lts":false,"security":false},{"name":"nodejs","version":"9.9.0","date":"2018-03-21","lts":false,"security":false},{"name":"nodejs","version":"9.10.0","date":"2018-03-28","lts":false,"security":true},{"name":"nodejs","version":"9.11.0","date":"2018-04-04","lts":false,"security":false},{"name":"nodejs","version":"10.0.0","date":"2018-04-24","lts":false,"security":false},{"name":"nodejs","version":"10.1.0","date":"2018-05-08","lts":false,"security":false},{"name":"nodejs","version":"10.2.0","date":"2018-05-23","lts":false,"security":false},{"name":"nodejs","version":"10.3.0","date":"2018-05-29","lts":false,"security":false},{"name":"nodejs","version":"10.4.0","date":"2018-06-06","lts":false,"security":false},{"name":"nodejs","version":"10.5.0","date":"2018-06-20","lts":false,"security":false},{"name":"nodejs","version":"10.6.0","date":"2018-07-04","lts":false,"security":false},{"name":"nodejs","version":"10.7.0","date":"2018-07-18","lts":false,"security":false},{"name":"nodejs","version":"10.8.0","date":"2018-08-01","lts":false,"security":false},{"name":"nodejs","version":"10.9.0","date":"2018-08-15","lts":false,"security":false},{"name":"nodejs","version":"10.10.0","date":"2018-09-06","lts":false,"security":false},{"name":"nodejs","version":"10.11.0","date":"2018-09-19","lts":false,"security":false},{"name":"nodejs","version":"10.12.0","date":"2018-10-10","lts":false,"security":false},{"name":"nodejs","version":"10.13.0","date":"2018-10-30","lts":"Dubnium","security":false},{"name":"nodejs","version":"10.14.0","date":"2018-11-27","lts":"Dubnium","security":true},{"name":"nodejs","version":"10.15.0","date":"2018-12-26","lts":"Dubnium","security":false},{"name":"nodejs","version":"10.16.0","date":"2019-05-28","lts":"Dubnium","security":false},{"name":"nodejs","version":"10.17.0","date":"2019-10-22","lts":"Dubnium","security":false},{"name":"nodejs","version":"10.18.0","date":"2019-12-17","lts":"Dubnium","security":true},{"name":"nodejs","version":"10.19.0","date":"2020-02-05","lts":"Dubnium","security":true},{"name":"nodejs","version":"10.20.0","date":"2020-03-26","lts":"Dubnium","security":false},{"name":"nodejs","version":"10.21.0","date":"2020-06-02","lts":"Dubnium","security":true},{"name":"nodejs","version":"10.22.0","date":"2020-07-21","lts":"Dubnium","security":false},{"name":"nodejs","version":"10.23.0","date":"2020-10-27","lts":"Dubnium","security":false},{"name":"nodejs","version":"10.24.0","date":"2021-02-23","lts":"Dubnium","security":true},{"name":"nodejs","version":"11.0.0","date":"2018-10-23","lts":false,"security":false},{"name":"nodejs","version":"11.1.0","date":"2018-10-30","lts":false,"security":false},{"name":"nodejs","version":"11.2.0","date":"2018-11-15","lts":false,"security":false},{"name":"nodejs","version":"11.3.0","date":"2018-11-27","lts":false,"security":true},{"name":"nodejs","version":"11.4.0","date":"2018-12-07","lts":false,"security":false},{"name":"nodejs","version":"11.5.0","date":"2018-12-18","lts":false,"security":false},{"name":"nodejs","version":"11.6.0","date":"2018-12-26","lts":false,"security":false},{"name":"nodejs","version":"11.7.0","date":"2019-01-17","lts":false,"security":false},{"name":"nodejs","version":"11.8.0","date":"2019-01-24","lts":false,"security":false},{"name":"nodejs","version":"11.9.0","date":"2019-01-30","lts":false,"security":false},{"name":"nodejs","version":"11.10.0","date":"2019-02-14","lts":false,"security":false},{"name":"nodejs","version":"11.11.0","date":"2019-03-05","lts":false,"security":false},{"name":"nodejs","version":"11.12.0","date":"2019-03-14","lts":false,"security":false},{"name":"nodejs","version":"11.13.0","date":"2019-03-28","lts":false,"security":false},{"name":"nodejs","version":"11.14.0","date":"2019-04-10","lts":false,"security":false},{"name":"nodejs","version":"11.15.0","date":"2019-04-30","lts":false,"security":false},{"name":"nodejs","version":"12.0.0","date":"2019-04-23","lts":false,"security":false},{"name":"nodejs","version":"12.1.0","date":"2019-04-29","lts":false,"security":false},{"name":"nodejs","version":"12.2.0","date":"2019-05-07","lts":false,"security":false},{"name":"nodejs","version":"12.3.0","date":"2019-05-21","lts":false,"security":false},{"name":"nodejs","version":"12.4.0","date":"2019-06-04","lts":false,"security":false},{"name":"nodejs","version":"12.5.0","date":"2019-06-26","lts":false,"security":false},{"name":"nodejs","version":"12.6.0","date":"2019-07-03","lts":false,"security":false},{"name":"nodejs","version":"12.7.0","date":"2019-07-23","lts":false,"security":false},{"name":"nodejs","version":"12.8.0","date":"2019-08-06","lts":false,"security":false},{"name":"nodejs","version":"12.9.0","date":"2019-08-20","lts":false,"security":false},{"name":"nodejs","version":"12.10.0","date":"2019-09-04","lts":false,"security":false},{"name":"nodejs","version":"12.11.0","date":"2019-09-25","lts":false,"security":false},{"name":"nodejs","version":"12.12.0","date":"2019-10-11","lts":false,"security":false},{"name":"nodejs","version":"12.13.0","date":"2019-10-21","lts":"Erbium","security":false},{"name":"nodejs","version":"12.14.0","date":"2019-12-17","lts":"Erbium","security":true},{"name":"nodejs","version":"12.15.0","date":"2020-02-05","lts":"Erbium","security":true},{"name":"nodejs","version":"12.16.0","date":"2020-02-11","lts":"Erbium","security":false},{"name":"nodejs","version":"12.17.0","date":"2020-05-26","lts":"Erbium","security":false},{"name":"nodejs","version":"12.18.0","date":"2020-06-02","lts":"Erbium","security":true},{"name":"nodejs","version":"12.19.0","date":"2020-10-06","lts":"Erbium","security":false},{"name":"nodejs","version":"12.20.0","date":"2020-11-24","lts":"Erbium","security":false},{"name":"nodejs","version":"12.21.0","date":"2021-02-23","lts":"Erbium","security":true},{"name":"nodejs","version":"12.22.0","date":"2021-03-30","lts":"Erbium","security":false},{"name":"nodejs","version":"13.0.0","date":"2019-10-22","lts":false,"security":false},{"name":"nodejs","version":"13.1.0","date":"2019-11-05","lts":false,"security":false},{"name":"nodejs","version":"13.2.0","date":"2019-11-21","lts":false,"security":false},{"name":"nodejs","version":"13.3.0","date":"2019-12-03","lts":false,"security":false},{"name":"nodejs","version":"13.4.0","date":"2019-12-17","lts":false,"security":true},{"name":"nodejs","version":"13.5.0","date":"2019-12-18","lts":false,"security":false},{"name":"nodejs","version":"13.6.0","date":"2020-01-07","lts":false,"security":false},{"name":"nodejs","version":"13.7.0","date":"2020-01-21","lts":false,"security":false},{"name":"nodejs","version":"13.8.0","date":"2020-02-05","lts":false,"security":true},{"name":"nodejs","version":"13.9.0","date":"2020-02-18","lts":false,"security":false},{"name":"nodejs","version":"13.10.0","date":"2020-03-04","lts":false,"security":false},{"name":"nodejs","version":"13.11.0","date":"2020-03-12","lts":false,"security":false},{"name":"nodejs","version":"13.12.0","date":"2020-03-26","lts":false,"security":false},{"name":"nodejs","version":"13.13.0","date":"2020-04-14","lts":false,"security":false},{"name":"nodejs","version":"13.14.0","date":"2020-04-29","lts":false,"security":false},{"name":"nodejs","version":"14.0.0","date":"2020-04-21","lts":false,"security":false},{"name":"nodejs","version":"14.1.0","date":"2020-04-29","lts":false,"security":false},{"name":"nodejs","version":"14.2.0","date":"2020-05-05","lts":false,"security":false},{"name":"nodejs","version":"14.3.0","date":"2020-05-19","lts":false,"security":false},{"name":"nodejs","version":"14.4.0","date":"2020-06-02","lts":false,"security":true},{"name":"nodejs","version":"14.5.0","date":"2020-06-30","lts":false,"security":false},{"name":"nodejs","version":"14.6.0","date":"2020-07-20","lts":false,"security":false},{"name":"nodejs","version":"14.7.0","date":"2020-07-29","lts":false,"security":false},{"name":"nodejs","version":"14.8.0","date":"2020-08-11","lts":false,"security":false},{"name":"nodejs","version":"14.9.0","date":"2020-08-27","lts":false,"security":false},{"name":"nodejs","version":"14.10.0","date":"2020-09-08","lts":false,"security":false},{"name":"nodejs","version":"14.11.0","date":"2020-09-15","lts":false,"security":true},{"name":"nodejs","version":"14.12.0","date":"2020-09-22","lts":false,"security":false},{"name":"nodejs","version":"14.13.0","date":"2020-09-29","lts":false,"security":false},{"name":"nodejs","version":"14.14.0","date":"2020-10-15","lts":false,"security":false},{"name":"nodejs","version":"14.15.0","date":"2020-10-27","lts":"Fermium","security":false},{"name":"nodejs","version":"14.16.0","date":"2021-02-23","lts":"Fermium","security":true},{"name":"nodejs","version":"14.17.0","date":"2021-05-11","lts":"Fermium","security":false},{"name":"nodejs","version":"14.18.0","date":"2021-09-28","lts":"Fermium","security":false},{"name":"nodejs","version":"14.19.0","date":"2022-02-01","lts":"Fermium","security":false},{"name":"nodejs","version":"14.20.0","date":"2022-07-07","lts":"Fermium","security":true},{"name":"nodejs","version":"14.21.0","date":"2022-11-01","lts":"Fermium","security":false},{"name":"nodejs","version":"15.0.0","date":"2020-10-20","lts":false,"security":false},{"name":"nodejs","version":"15.1.0","date":"2020-11-04","lts":false,"security":false},{"name":"nodejs","version":"15.2.0","date":"2020-11-10","lts":false,"security":false},{"name":"nodejs","version":"15.3.0","date":"2020-11-24","lts":false,"security":false},{"name":"nodejs","version":"15.4.0","date":"2020-12-09","lts":false,"security":false},{"name":"nodejs","version":"15.5.0","date":"2020-12-22","lts":false,"security":false},{"name":"nodejs","version":"15.6.0","date":"2021-01-14","lts":false,"security":false},{"name":"nodejs","version":"15.7.0","date":"2021-01-25","lts":false,"security":false},{"name":"nodejs","version":"15.8.0","date":"2021-02-02","lts":false,"security":false},{"name":"nodejs","version":"15.9.0","date":"2021-02-18","lts":false,"security":false},{"name":"nodejs","version":"15.10.0","date":"2021-02-23","lts":false,"security":true},{"name":"nodejs","version":"15.11.0","date":"2021-03-03","lts":false,"security":false},{"name":"nodejs","version":"15.12.0","date":"2021-03-17","lts":false,"security":false},{"name":"nodejs","version":"15.13.0","date":"2021-03-31","lts":false,"security":false},{"name":"nodejs","version":"15.14.0","date":"2021-04-06","lts":false,"security":false},{"name":"nodejs","version":"16.0.0","date":"2021-04-20","lts":false,"security":false},{"name":"nodejs","version":"16.1.0","date":"2021-05-04","lts":false,"security":false},{"name":"nodejs","version":"16.2.0","date":"2021-05-19","lts":false,"security":false},{"name":"nodejs","version":"16.3.0","date":"2021-06-03","lts":false,"security":false},{"name":"nodejs","version":"16.4.0","date":"2021-06-23","lts":false,"security":false},{"name":"nodejs","version":"16.5.0","date":"2021-07-14","lts":false,"security":false},{"name":"nodejs","version":"16.6.0","date":"2021-07-29","lts":false,"security":true},{"name":"nodejs","version":"16.7.0","date":"2021-08-18","lts":false,"security":false},{"name":"nodejs","version":"16.8.0","date":"2021-08-25","lts":false,"security":false},{"name":"nodejs","version":"16.9.0","date":"2021-09-07","lts":false,"security":false},{"name":"nodejs","version":"16.10.0","date":"2021-09-22","lts":false,"security":false},{"name":"nodejs","version":"16.11.0","date":"2021-10-08","lts":false,"security":false},{"name":"nodejs","version":"16.12.0","date":"2021-10-20","lts":false,"security":false},{"name":"nodejs","version":"16.13.0","date":"2021-10-26","lts":"Gallium","security":false},{"name":"nodejs","version":"16.14.0","date":"2022-02-08","lts":"Gallium","security":false},{"name":"nodejs","version":"16.15.0","date":"2022-04-26","lts":"Gallium","security":false},{"name":"nodejs","version":"16.16.0","date":"2022-07-07","lts":"Gallium","security":true},{"name":"nodejs","version":"16.17.0","date":"2022-08-16","lts":"Gallium","security":false},{"name":"nodejs","version":"16.18.0","date":"2022-10-12","lts":"Gallium","security":false},{"name":"nodejs","version":"16.19.0","date":"2022-12-13","lts":"Gallium","security":false},{"name":"nodejs","version":"17.0.0","date":"2021-10-19","lts":false,"security":false},{"name":"nodejs","version":"17.1.0","date":"2021-11-09","lts":false,"security":false},{"name":"nodejs","version":"17.2.0","date":"2021-11-30","lts":false,"security":false},{"name":"nodejs","version":"17.3.0","date":"2021-12-17","lts":false,"security":false},{"name":"nodejs","version":"17.4.0","date":"2022-01-18","lts":false,"security":false},{"name":"nodejs","version":"17.5.0","date":"2022-02-10","lts":false,"security":false},{"name":"nodejs","version":"17.6.0","date":"2022-02-22","lts":false,"security":false},{"name":"nodejs","version":"17.7.0","date":"2022-03-09","lts":false,"security":false},{"name":"nodejs","version":"17.8.0","date":"2022-03-22","lts":false,"security":false},{"name":"nodejs","version":"17.9.0","date":"2022-04-07","lts":false,"security":false},{"name":"nodejs","version":"18.0.0","date":"2022-04-18","lts":false,"security":false},{"name":"nodejs","version":"18.1.0","date":"2022-05-03","lts":false,"security":false},{"name":"nodejs","version":"18.2.0","date":"2022-05-17","lts":false,"security":false},{"name":"nodejs","version":"18.3.0","date":"2022-06-02","lts":false,"security":false},{"name":"nodejs","version":"18.4.0","date":"2022-06-16","lts":false,"security":false},{"name":"nodejs","version":"18.5.0","date":"2022-07-06","lts":false,"security":true},{"name":"nodejs","version":"18.6.0","date":"2022-07-13","lts":false,"security":false},{"name":"nodejs","version":"18.7.0","date":"2022-07-26","lts":false,"security":false},{"name":"nodejs","version":"18.8.0","date":"2022-08-24","lts":false,"security":false},{"name":"nodejs","version":"18.9.0","date":"2022-09-07","lts":false,"security":false},{"name":"nodejs","version":"18.10.0","date":"2022-09-28","lts":false,"security":false},{"name":"nodejs","version":"18.11.0","date":"2022-10-13","lts":false,"security":false},{"name":"nodejs","version":"18.12.0","date":"2022-10-25","lts":"Hydrogen","security":false},{"name":"nodejs","version":"18.13.0","date":"2023-01-05","lts":"Hydrogen","security":false},{"name":"nodejs","version":"18.14.0","date":"2023-02-01","lts":"Hydrogen","security":false},{"name":"nodejs","version":"19.0.0","date":"2022-10-17","lts":false,"security":false},{"name":"nodejs","version":"19.1.0","date":"2022-11-14","lts":false,"security":false},{"name":"nodejs","version":"19.2.0","date":"2022-11-29","lts":false,"security":false},{"name":"nodejs","version":"19.3.0","date":"2022-12-14","lts":false,"security":false},{"name":"nodejs","version":"19.4.0","date":"2023-01-05","lts":false,"security":false},{"name":"nodejs","version":"19.5.0","date":"2023-01-24","lts":false,"security":false},{"name":"nodejs","version":"19.6.0","date":"2023-02-01","lts":false,"security":false}]